{
  "timestamp": "2026-03-04T22:45:10.303160",
  "rgb_shape": [
    480,
    640,
    3
  ],
  "depth_shape": [
    480,
    640
  ],
  "mean_brightness": 3.747633463541667,
  "valid_depth_pct": 67.23209635416667,
  "depth_range": [
    869,
    1049
  ]
}